vns_0;vns_3;vns_5;vns_7;vns_10;vns_15;
inst0;239750.737181;239145.027158;239761.665174;239848.676467;239732.221777;239848.676467;
inst1;252772.847681;251846.187149;